City_ID,City,Country,Max Temp,Description,Lat,Lng,Hotel Name
3,Puerto Ayora,EC,76.55,overcast clouds,-0.7393,-90.3518,Finch Bay Galapagos Hotel
4,Port Alfred,ZA,66.18,scattered clouds,-33.5906,26.891,The Halyards Hotel
5,Ahipara,NZ,71.65,scattered clouds,-35.1667,173.1667,Ahipara Holiday Park
6,Vaini,TO,78.96,broken clouds,-21.2,-175.2,Keleti Beach Resort
8,Rikitea,PF,77.76,overcast clouds,-23.1203,-134.9692,People ThankYou
9,Hermanus,ZA,56.8,clear sky,-34.4187,19.2345,Misty Waves Boutique Hotel
12,Cervia,IT,48.2,clear sky,44.2657,12.3427,Color Beach Hotel Metropolitan Milano Marittima
13,Pedasi,PA,78.06,overcast clouds,7.5333,-80.0333,Selina Pedasi
18,Namibe,AO,69.78,overcast clouds,-15.1961,12.1522,Hotel Chik Chik Namibe
19,Mar Del Plata,AR,55.42,clear sky,-38.0023,-57.5575,Gran Hotel Mar del Plata
20,Bluff,NZ,58.26,broken clouds,-46.6,168.3333,Bluff Homestead - Guesthouse & Campervan Park
22,Mahebourg,MU,79.25,scattered clouds,-20.4081,57.7,Shandrani Beachcomber Resort & Spa
26,Vestmanna,FO,40.12,broken clouds,62.1564,-7.1664,Vestmanna Camping
31,Bredasdorp,ZA,58.48,few clouds,-34.5322,20.0403,Bredasdorp Country Manor
33,Tocopilla,CL,68.18,few clouds,-22.092,-70.1979,Hotel Galvarino
34,Port Macquarie,AU,77.9,broken clouds,-31.4333,152.9167,Rydges Port Macquarie
35,Anchorage,US,42.85,overcast clouds,61.2181,-149.9003,Hotel Captain Cook
37,Knysna,ZA,60.06,broken clouds,-34.0363,23.0471,Protea Hotel by Marriott Knysna Quays
38,Grand Gaube,MU,79.38,few clouds,-20.0064,57.6608,Veranda Paul et Virginie Hotel & Spa
39,Zhangjiakou,CN,53.29,clear sky,40.81,114.8794,Shell Zhangjiakou City Qiaodong District Ginza Hotel
43,Atuona,PF,79.88,few clouds,-9.8,-139.0333,Villa Enata
44,New Norfolk,AU,67.5,broken clouds,-42.7826,147.0587,The Shingles Riverside Cottages
46,Busselton,AU,68.63,few clouds,-33.65,115.3333,Observatory Guest House
47,Arraial Do Cabo,BR,76.33,clear sky,-22.9661,-42.0278,Pousada Porto Praia
48,Tecoanapa,MX,76.91,overcast clouds,16.5167,-98.75,Hotel Manglares
50,Vryburg,ZA,61.7,broken clouds,-26.9566,24.7284,The Times Premier Lodge
51,Itarema,BR,76.39,light rain,-2.9248,-39.9167,"Sea Lounge! Bar, Club & Restaurant"
53,Sabha,LY,74.03,clear sky,27.0377,14.4283,Foundation Taaj Asala for Historical Research and Archeology
54,Beckley,US,43.21,clear sky,37.7782,-81.1882,"Country Inn & Suites by Radisson, Beckley, WV"
55,Bambous Virieux,MU,79.21,light rain,-20.3428,57.7575,Casa Tia Villa
57,Lethem,GY,75.6,light rain,3.3803,-59.7968,Savannah Inn
62,Terrace,CA,44.51,broken clouds,54.5163,-128.6035,Northern Motor Inn
65,Caravelas,BR,76.57,clear sky,-17.7125,-39.2481,Pousada dos Navegantes
66,Hilo,US,78.53,moderate rain,19.7297,-155.09,Hilo Hawaiian Hotel
67,Slavyanka,RU,45.0,scattered clouds,42.8633,131.3847,"Gostevoy Dom, ""Nattalika"""
68,Guerrero Negro,MX,60.42,clear sky,27.9769,-114.0611,"Casa Laguna, Bed & Breakfast"
71,Victoria,HK,71.38,clear sky,22.2855,114.1577,Mini Hotel Central
73,Saint-Philippe,RE,72.99,overcast clouds,-21.3585,55.7679,"Chambres d'hôte ""La Trinité"""
75,Yichun,CN,50.29,broken clouds,47.7,128.9,锦江酒店
77,Tura,IN,73.78,broken clouds,25.5198,90.2201,Hotel RIKMAN Continental
78,Bernalillo,US,71.17,broken clouds,35.05,-106.6673,DoubleTree by Hilton Hotel Albuquerque
79,Port Elizabeth,ZA,62.31,few clouds,-33.918,25.5701,39 On Nile Guest House
80,Saint George,US,72.25,clear sky,37.1041,-113.5841,Best Western Plus Abbey Inn
82,Lagoa,PT,58.78,overcast clouds,39.05,-27.9833,Casa Das Faias
83,Yenagoa,NG,77.56,overcast clouds,4.9247,6.2642,Aridolf Resort Wellness and Spa
84,Wonthaggi,AU,60.82,overcast clouds,-38.6044,145.5913,Wonthaggi Caravans & Trailers
85,Bathsheba,BB,79.41,scattered clouds,13.2167,-59.5167,Atlantis Hotel
86,Cape Town,ZA,59.11,few clouds,-33.9258,18.4232,"Radisson Blu Hotel Waterfront, Cape Town"
87,Lebu,CL,52.54,clear sky,-37.6167,-73.65,Hostal Las Lilas
95,Tomatlan,MX,66.87,clear sky,19.9333,-105.25,El Salvial
97,Sao Joao Da Barra,BR,74.26,clear sky,-21.6403,-41.0511,Pousada Porto De Canoas
98,Cabo San Lucas,MX,71.51,clear sky,22.8909,-109.9124,Hotel Tesoro Los Cabos
99,East London,ZA,67.82,broken clouds,-33.0153,27.9116,Tu Casa
102,Casablanca,MA,57.22,overcast clouds,33.5928,-7.6192,فندق البيت المغربي كازبلانكا
103,Pandoh,IN,70.0,clear sky,31.6833,77.05,PWD Rest House
105,Avarua,CK,73.45,light rain,-21.2078,-159.775,Paradise Inn
107,Mayo,US,47.98,overcast clouds,38.8876,-76.5119,Resorts Resource Group International
108,Mataura,NZ,66.94,clear sky,-46.1927,168.8643,Ellie's Villa
110,Iwaki,JP,55.02,light rain,37.05,140.8833,Toyoko Inn Iwaki Ekimae
111,Bujumbura,BI,69.44,broken clouds,-3.3822,29.3644,Bora Guest House
112,Robertsport,LR,78.33,broken clouds,6.7533,-11.3686,Kwepunha Retreat
113,Neuquen,AR,57.09,clear sky,-38.9516,-68.0591,Hotel del Comahue
114,Sao Filipe,CV,70.54,clear sky,14.8961,-24.4956,Hotel Xaguate
118,Los Llanos De Aridane,ES,55.15,clear sky,28.6585,-17.9182,Valle Aridane
119,Carnarvon,AU,78.87,scattered clouds,-24.8667,113.6333,Hospitality Carnarvon
121,Nara,JP,59.92,clear sky,34.6851,135.8049,Guesthouse Nara Komachi
122,Colac,AU,61.18,broken clouds,-38.3333,143.5833,Otway Gate Motel
123,Qitaihe,CN,60.26,clear sky,45.8,130.85,Baiyun Hostel
129,Tres Lagoas,BR,76.5,scattered clouds,-20.7511,-51.6783,Druds Express Hotel
130,Suffolk,US,43.86,overcast clouds,40.8668,-72.7996,Greenwood Village
131,Shache,CN,58.98,clear sky,38.4167,77.2406,Delong Hotel
132,Lake City,US,62.85,clear sky,30.1897,-82.6393,Ramada Limited Lake City
134,La Ciotat,FR,44.47,clear sky,43.1748,5.6045,ibis La Ciotat
136,Chuy,UY,63.12,clear sky,-33.6971,-53.4616,Nuevo Hotel Plaza
138,Mwinilunga,ZM,62.91,overcast clouds,-11.7358,24.4293,Kwakuwahi Lodge
139,Rongcheng,CN,63.66,broken clouds,30.634,117.8517,Shell Shandong Liaocheng Development District South Huangshan Road Hotel
144,Motril,ES,51.28,overcast clouds,36.7507,-3.5179,Elba Motril Hotel Beach & Business Hotel
145,Aquiraz,BR,77.09,moderate rain,-3.9014,-38.3911,Pousada Rua Camurupim
146,Ancud,CL,51.22,light rain,-41.8697,-73.8203,Hotel Arena Gruesa
147,Qui Nhon,VN,73.13,overcast clouds,13.7667,109.2333,Khách sạn Hải Âu Quy Nhơn - Seagull Hotel
149,Margate,GB,40.3,overcast clouds,51.3813,1.3862,Premier Inn Margate hotel
150,Marsa Matruh,EG,59.2,scattered clouds,31.3525,27.2453,Beau Site
153,Natal,BR,77.22,broken clouds,-5.795,-35.2094,Villa Park Hotel | Natal
154,Esperance,AU,66.04,light rain,-33.8667,121.9,Hospitality Esperance
156,Esmeralda,CU,75.69,scattered clouds,21.8525,-78.1169,Centro de Pioneros Exploradores
164,Willowmore,ZA,56.61,clear sky,-33.2926,23.4895,Jumper's Place
165,Inhambane,MZ,75.22,clear sky,-23.865,35.3833,Oceano
166,Tezu,IN,65.64,light rain,27.9167,96.1667,Circuit House
167,Kruisfontein,ZA,57.88,scattered clouds,-34.0033,24.7314,Oyster Bay House Rental
169,Kalabo,ZM,65.16,moderate rain,-14.97,22.6814,Sikakubete Guest House Kalabo Town Council
170,Vestmannaeyjar,IS,42.93,overcast clouds,63.4427,-20.2734,Glamping & Camping
174,Hobart,AU,67.86,broken clouds,-42.8794,147.3294,St Ives Hobart Accommodation Tasmania
177,Abu Dhabi,AE,72.97,mist,24.4667,54.3667,Beach Rotana
178,Cidreira,BR,68.65,overcast clouds,-30.1811,-50.2056,Hotel Castelo
180,Ponta Do Sol,PT,60.71,overcast clouds,32.6667,-17.1,Hotel do Campo
181,La Ronge,CA,41.25,few clouds,55.1001,-105.2842,Northland Motor Hotel
182,Porterville,US,78.75,clear sky,36.0652,-119.0168,"Holiday Inn Express & Suites Porterville, an IHG Hotel"
184,Yinchuan,CN,58.05,overcast clouds,38.4681,106.2731,JJ Inns - Yinchuan New Moon Square Branch
185,Pascagoula,US,66.92,clear sky,30.3658,-88.5561,Regency Inn
186,Nouadhibou,MR,64.38,clear sky,20.931,-17.0347,El Medina
187,Souillac,MU,79.18,scattered clouds,-20.5167,57.5167,Shanti Maurice Resort & Spa
188,Cockburn Town,TC,78.33,clear sky,21.4612,-71.1419,Osprey Beach Hotel
189,San Patricio,US,74.53,overcast clouds,28.017,-97.5169,"Motel 6 Sinton, TX"
193,Praya,CV,68.54,few clouds,14.9215,-23.5087,LT Aparthotel
194,Laguna,US,77.13,clear sky,38.421,-121.4238,"Holiday Inn Express & Suites Elk Grove Central - Hwy 99, an IHG Hotel"
198,Ribeira Grande,PT,59.9,overcast clouds,38.5167,-28.7,Quinta da Meia Eira
199,Fortuna,US,54.93,clear sky,40.5982,-124.1573,Super 8 by Wyndham Fortuna
200,Bethel,US,41.76,overcast clouds,41.3712,-73.414,Courtyard by Marriott Danbury
203,Hasaki,JP,54.0,moderate rain,35.7333,140.8333,Inubosaki Kanko Hotel
205,Benguela,AO,75.65,overcast clouds,-12.5763,13.4055,Hotel Praia Morena
206,Korcula,HR,48.92,overcast clouds,42.9622,17.1369,Marko Polo Hotel by Aminess
208,Pizarro,CO,79.23,light rain,4.9533,-77.366,Hotel Limonar
209,Beidao,CN,55.54,overcast clouds,34.5686,105.8933,Shell Tianshui Maiji District Erma Road Walking Street Hotel
210,Itacare,BR,76.55,few clouds,-14.2775,-38.9967,Ecoporan Hotel Charme Spa & Eventos
211,Havelock,US,64.38,clear sky,34.8791,-76.9013,Sherwood Motel
212,Praia Da Vitoria,PT,57.76,few clouds,38.7333,-27.0667,Hotel Branco I
214,Grand Baie,MU,79.45,few clouds,-20.0182,57.5802,Trou aux Biches Beachcomber Golf Resort & Spa
215,Lompoc,US,59.56,overcast clouds,34.6391,-120.4579,"Holiday Inn Express Lompoc, an IHG Hotel"
216,Golden,US,49.69,overcast clouds,39.7555,-105.2211,"The Golden Hotel, Ascend Hotel Collection"
218,Paita,PE,72.34,few clouds,-5.0892,-81.1144,Hotel Náutico de Paita
219,Nuevo Progreso,MX,73.54,clear sky,23.1667,-97.95,Balneario Rio el Paraiso
220,Sao Felix Do Xingu,BR,72.72,overcast clouds,-6.6447,-51.995,Rio Xingu Camping
222,Hit,IQ,69.15,overcast clouds,33.6416,42.8251,بيت ابو رباح
224,Inirida,CO,74.1,overcast clouds,3.8653,-67.9239,Fuente del Guania Hotel de Lujo
226,Altamira,BR,73.8,moderate rain,-3.2033,-52.2064,Requinte Hotel
228,San Cristobal,VE,68.18,broken clouds,7.7669,-72.225,Pirineos
230,Riachao,BR,72.93,broken clouds,-7.3619,-46.6172,Pousada Nordestina
231,Giyani,ZA,71.98,broken clouds,-23.3025,30.7187,Kulani Country Lodge
233,Castro,BR,61.47,broken clouds,-24.7911,-50.0119,CHACARA BAILLY
235,Homa Bay,KE,67.46,overcast clouds,-0.5273,34.4571,ACK Guest House - Homa Bay
237,Newburgh,US,41.88,overcast clouds,41.5034,-74.0104,Ramada by Wyndham Newburgh/West Point
241,Savalou,BJ,78.76,overcast clouds,7.9281,1.9756,Hotel F&F
242,Great Bend,US,62.73,clear sky,38.3645,-98.7648,Best Western Angus Inn
243,Berekum,GH,74.55,overcast clouds,7.4534,-2.584,Nyame Nnae Hotel
245,Sitka,US,42.69,broken clouds,57.0531,-135.33,Westmark Sitka
246,Port Lincoln,AU,68.49,clear sky,-34.7333,135.8667,Port Lincoln Hotel
247,Vicuna,CL,49.73,clear sky,-30.0319,-70.7081,Los Mosaicos
248,Acapulco,MX,76.82,few clouds,16.8634,-99.8901,HS Hotsson Smart Acapulco
249,Necochea,AR,50.88,clear sky,-38.5473,-58.7368,dyd -mar Hotel
250,Vao,NC,79.32,broken clouds,-22.6667,167.4833,Hotel Kou-Bugny
251,Lincoln,US,57.11,clear sky,40.8,-96.667,Courtyard by Marriott Lincoln Downtown/Haymarket
252,Mascote,BR,70.84,few clouds,-15.5631,-39.3025,Fazenda Novo ORIENTE
255,Camacha,PT,56.62,scattered clouds,33.0833,-16.3333,Hotel Porto Santo & Spa
256,Klaksvik,FO,41.92,overcast clouds,62.2266,-6.589,Airbnb rooms
257,Saldanha,ZA,59.05,clear sky,-33.0117,17.9442,Blue Bay Lodge
258,Estelle,US,70.0,clear sky,29.8458,-90.1067,Boomtown Casino & Hotel New Orleans
259,Meadow Lake,US,69.28,overcast clouds,34.8014,-106.5436,TumbleWeed RV Park
260,Nanhai,CN,65.89,overcast clouds,30.1282,111.7784,Jingnan Hotel
261,Along,IN,67.3,overcast clouds,28.1667,94.7667,Hotel West
262,Haverfordwest,GB,48.06,moderate rain,51.8017,-4.9691,Coastal Cottages of Pembrokeshire
266,Chicama,PE,64.94,broken clouds,-7.8447,-79.1469,Balihai Bungalows
268,Pisco,PE,66.25,clear sky,-13.7,-76.2167,Hotel San Isidro Oficial
269,Carbonia,IT,47.05,overcast clouds,39.1672,8.5222,Lu 'Hotel
270,Mahon,ES,48.76,scattered clouds,39.8885,4.2658,ARTIEM Capri
280,Mazatlan,MX,71.91,clear sky,23.2167,-106.4167,Hotel La Siesta
282,Kropotkin,RU,45.25,clear sky,45.4375,40.5756,Hotel Europe Kropotkin
286,Coahuayana,MX,68.4,clear sky,18.7333,-103.6833,El rranchito michuacan de ocampos
288,Sasvad,IN,78.21,overcast clouds,18.3333,74.0333,Adsul Farm
289,Filadelfia,US,46.94,overcast clouds,39.9523,-75.1638,"The Ritz-Carlton, Philadelphia"
291,Delhi,IN,77.09,haze,28.6667,77.2167,Maidens Hotel
292,Salalah,OM,75.29,clear sky,17.0151,54.0924,"HAMDAN PLAZA HOTEL SALALAH, an HTG Hotel"
299,Antalaha,MG,74.61,broken clouds,-14.9003,50.2788,Hotel Vitasoa
300,Kutum,SD,71.85,few clouds,14.2,24.6667,Dibbo areaمنطقة دبو
303,Constitucion,CL,53.83,clear sky,-35.3333,-72.4167,Hotel Boutique Las Azucenas
307,Carballo,ES,43.02,clear sky,43.213,-8.691,Pazo do Souto
308,Rolante,BR,72.66,overcast clouds,-29.6506,-50.5758,Hotel Tadiotto
310,Mildura,AU,75.07,clear sky,-34.2,142.15,Mercure Hotel Mildura
311,Karwar,IN,78.62,broken clouds,14.8,74.1333,Netalco Connects
312,Sakakah,SA,72.97,overcast clouds,29.9697,40.2064,Fakhamat Al Orjoana Apartment
313,Gbarnga,LR,72.28,overcast clouds,6.9956,-9.4722,Passion Hotel 2
314,Coquimbo,CL,56.93,clear sky,-29.9533,-71.3436,Hotel San Juan
316,Geraldton,AU,75.61,overcast clouds,-28.7667,114.6,Broadwater Mariner Resort
317,Suixi,CN,59.83,overcast clouds,33.8907,116.7747,Campanile Hotel
320,Belmonte,BR,76.93,clear sky,-15.8631,-38.8828,Pousada Monte Carmelo O Pão
321,Camocim,BR,76.3,overcast clouds,-2.9022,-40.8411,Ilha Praia Hotel
322,Hambantota,LK,75.54,few clouds,6.1241,81.1185,Bungalow 63
323,Tucuman,AR,60.8,clear sky,-26.8241,-65.2226,Dallas Hotel Tucuman
325,Bhiwani,IN,77.07,clear sky,28.7833,76.1333,Gaur Guest House
328,Susanville,US,51.46,overcast clouds,40.4163,-120.653,Comfort Inn & Suites
331,Riyadh,SA,77.14,broken clouds,24.6877,46.7219,"InterContinental Riyadh, an IHG Hotel"
333,Santa Paula,US,63.37,overcast clouds,34.3542,-119.0593,Santa Paula Inn
334,Mountain Home,US,62.08,clear sky,43.133,-115.6912,Mountain Home Inn
335,Moultonborough,US,41.59,overcast clouds,43.7548,-71.3967,Moultonborough Inn
336,Xichang,CN,53.29,overcast clouds,27.8964,102.2634,Xichang ibis Hotel
337,Portland,US,55.44,overcast clouds,45.5234,-122.6762,Embassy Suites by Hilton Portland Downtown
339,Bani,DO,78.85,broken clouds,18.2833,-70.3333,Hospedaje Henriquez
341,Gat,IL,68.4,clear sky,31.61,34.7642,OlusHome
344,Ballina,AU,75.02,broken clouds,-28.8667,153.5667,Ramada Hotel & Suites by Wyndham Ballina Byron
345,North Bend,US,56.25,overcast clouds,43.4065,-124.2243,Red Lion Hotel Coos Bay
346,Launceston,AU,74.61,clear sky,-41.45,147.1667,Hotel Grand Chancellor Launceston
347,Coihaique,CL,51.75,light rain,-45.5752,-72.0662,Diego De Almagro Coyhaique
351,Handan,CN,63.48,overcast clouds,36.6006,114.4678,Jin Jiang Inn - Handan China South Street Inn
354,Mount Gambier,AU,62.51,overcast clouds,-37.8333,140.7667,The Commodore
356,Zlitan,LY,58.68,clear sky,32.4674,14.5687,القسم الداخلي للجامعة الأسمرية
357,Miles City,US,52.77,clear sky,46.4083,-105.8406,FairBridge Inn & Suites Miles City
360,Lima,PE,72.9,clear sky,-12.0432,-77.0282,Hotel Kamana
361,Orange,US,66.54,overcast clouds,33.7,-117.7675,Meadows
363,Stornoway,GB,49.96,light intensity drizzle,58.2093,-6.3865,Caladh Inn
364,Darnah,LY,59.97,clear sky,32.767,22.6367,فندق الفردوس
367,Zinder,NE,77.92,broken clouds,13.8072,8.9881,Hotel de Ville
368,Aswan,EG,79.9,clear sky,24.0934,32.907,Nuba Nile
369,Makat,KZ,55.98,overcast clouds,47.6469,53.3463,Umit
370,Monrovia,LR,78.57,scattered clouds,6.3005,-10.7969,Sunset Inn
372,Ta Khmau,KH,77.05,scattered clouds,11.4833,104.95,Takhmao Good Health Hotel
373,Codrington,AU,63.37,broken clouds,-38.2667,141.9667,Codrington Gardens Bed And Breakfast
376,Naze,JP,65.32,clear sky,28.3667,129.4833,Shishime Hotel
378,Torata,PE,61.27,clear sky,-17.0769,-70.8433,Lodging Sra. Tina Vera
381,Encruzilhada,BR,63.91,light rain,-15.5314,-40.9094,Hotel e Restaurante Rio Pardo
382,Hashtgerd,IR,53.44,overcast clouds,35.9642,50.6858,Parse System
385,Maragogi,BR,77.94,broken clouds,-9.0122,-35.2225,Salinas do Maragogi All Inclusive Resort
386,Sheridan,US,50.38,clear sky,44.8333,-106.9173,Comfort Inn & Suites
388,Vila Velha,BR,78.75,scattered clouds,-20.3297,-40.2925,Hotel Vitória Palace
389,Antofagasta,CL,61.88,scattered clouds,-23.65,-70.4,"Holiday Inn Express Antofagasta, an IHG Hotel"
390,Sandwick,GB,46.22,drizzle,60.0,-1.25,Beach House Self-Catering Accomodation
391,Fountain,US,45.7,clear sky,38.6822,-104.7008,Colorado Springs KOA Holiday
392,Hurghada,EG,75.24,clear sky,27.2574,33.8129,Sea Star Beau Rivage Hotel
393,Ukiah,US,62.49,clear sky,39.1502,-123.2078,Hampton Inn Ukiah
394,Uaua,BR,72.37,scattered clouds,-9.8414,-39.4817,Hotel Uauá
396,Moree,AU,77.02,broken clouds,-29.4667,149.85,Molika Springs Motel
397,Cayenne,GF,79.09,overcast clouds,4.9333,-52.3333,Hôtel Le Dronmi
402,Atar,MR,66.74,clear sky,20.5169,-13.0499,Oumou Elghoura
406,Lata,PT,43.92,clear sky,40.1629,-8.3327,Casa Maquia
410,Lakes Entrance,AU,61.57,overcast clouds,-37.8811,147.981,The Esplanade Resort & Spa
411,Touba,CI,72.9,scattered clouds,8.2833,-7.6833,Hotel de L'Amitié Vraie
414,Russell,US,69.4,clear sky,32.3502,-85.1999,Macs
415,Presidencia Roque Saenz Pena,AR,67.73,overcast clouds,-26.7852,-60.4388,Hotel Gualok
416,San Quintin,MX,59.9,clear sky,30.4833,-115.95,Don Eddie's Sport Fishing Center
417,Three Hills,CA,47.59,few clouds,51.7001,-113.2686,Super 8 by Wyndham Three Hills AB
418,Shimoda,JP,52.16,light rain,34.6667,138.95,Shimoda Tokyu Hotel
419,Itaituba,BR,73.22,overcast clouds,-4.2761,-55.9836,Hotel Campos
420,Basco,PH,75.67,overcast clouds,20.4487,121.9702,Nathaniel's Lodge
421,Fenoarivo,MG,59.07,few clouds,-18.933,47.4354,Skyfol Ambodiafontsy
425,Chachapoyas,PE,55.8,overcast clouds,-6.2317,-77.869,Teresita
426,Matay,EG,67.71,broken clouds,28.419,30.7792,Nag Aespen
428,Asosa,ET,70.07,scattered clouds,10.0667,34.5333,Blendana Hotel Assosa
429,Huilong,CN,58.93,broken clouds,31.8111,121.655,Hilton Garden Inn Qidong
434,Parana,AR,67.57,light rain,-31.732,-60.5238,Howard Johnson by Wyndham Plaza Hotel Mayorazgo
437,Yongan,CN,56.3,scattered clouds,39.6957,113.6871,Beiyue International Hotel
439,Bud,US,49.95,broken clouds,39.447,-86.1758,Ted McQuinn Trust
442,Forio,IT,48.45,overcast clouds,40.7342,13.8646,Hotel Terme Providence
444,Springdale,US,67.73,scattered clouds,36.1867,-94.1288,Springdale Inn
445,Tabou,CI,79.03,overcast clouds,4.423,-7.3528,hotêl doufoulougou
447,Matara,LK,79.38,broken clouds,5.9485,80.5353,Amaloh Boutique Resort
448,Sulya,IN,79.05,overcast clouds,12.5667,75.3833,RIVER ISLAND LODGING
450,Broken Hill,AU,71.31,clear sky,-31.95,141.4333,Royal Exchange Hotel
451,Bandarbeyla,SO,75.69,clear sky,9.4942,50.8122,JABIR HOTEL
452,Deogarh,IN,77.27,overcast clouds,21.5333,84.7333,Amit Henej House
453,Tuscaloosa,US,64.18,clear sky,33.2098,-87.5692,Hampton Inn Tuscaloosa-University
455,Mana,GF,77.14,overcast clouds,5.6592,-53.7767,LE SAMANA
457,Marsh Harbour,BS,74.86,overcast clouds,26.5412,-77.0636,Abaco Beach Resort
459,Puerto Narino,CO,72.16,clear sky,-3.7703,-70.3831,Eware Refugio Amazonico
460,Bouna,CI,79.07,broken clouds,9.2667,-3.0,Hôtel lababa
463,Kamaishi,JP,48.47,overcast clouds,39.2667,141.8833,Hotel Route Inn Kamaishi
464,Viransehir,TR,54.0,overcast clouds,37.2353,39.7631,Viranşehir Öğretmenevi
465,Te Anau,NZ,70.05,scattered clouds,-45.4167,167.7167,Kingsgate Hotel Te Anau
468,Santa Maria,BR,63.7,moderate rain,-29.6842,-53.8069,Hotel Morotin
469,Katsuura,JP,50.02,light rain,35.1333,140.3,Katsuura Hotel Mikazuki
470,Sao Jose Da Coroa Grande,BR,78.28,scattered clouds,-8.8978,-35.1478,Crôa Mares Hotel
471,Nanlong,CN,58.59,overcast clouds,31.3533,106.0631,Demei Hotel
472,Ngunguru,NZ,69.6,broken clouds,-35.6167,174.5,Pacific Rendezvous Motel Resort
473,Shiyan,CN,64.6,light rain,32.6475,110.7781,Fenghuang Garden Holiday Hotel
474,Boras,SE,40.82,light rain,57.721,12.9401,Scandic Plaza Borås
475,Westport,US,43.75,overcast clouds,41.1415,-73.3579,The Inn at Longshore
477,Ermoupolis,GR,56.1,overcast clouds,37.4423,24.9425,Ploes
479,Hamilton,US,49.21,clear sky,39.1834,-84.5333,Six Acres Bed & Breakfast
483,Rincon,US,65.86,clear sky,32.296,-81.2354,Days Inn Rincon
484,Virginia Beach,US,57.25,clear sky,36.8529,-75.978,Hilton Virginia Beach Oceanfront
489,Ngaoundere,CM,70.14,overcast clouds,7.3167,13.5833,Hotel Mentong Palace
495,Quatre Cocos,MU,79.09,light rain,-20.2078,57.7625,Sunrise Attitude Hotel
496,Takab,IR,49.84,overcast clouds,36.4009,47.1133,نانوایی جواد
497,Mersing,MY,75.11,few clouds,2.4312,103.8405,Timotel Hotel
498,Najran,SA,61.45,broken clouds,17.4924,44.1277,محمد هادي ال فطيح
500,Hanna,CA,46.85,scattered clouds,51.6334,-111.9018,West View Motel
504,Skibbereen,IE,51.12,overcast clouds,51.55,-9.2667,The West Cork Hotel
505,Altagracia De Orituco,VE,74.79,broken clouds,9.8601,-66.3814,Posada Quinta Mi Refugio
507,Camopi,GF,72.34,overcast clouds,3.1655,-52.3158,La pousada
510,Ambanja,MG,72.05,scattered clouds,-13.6833,48.45,Hotel Salama and Fast Food
512,Port Hardy,CA,44.78,light intensity shower rain,50.6996,-127.4199,Airport Inn-Port Hardy
514,Puquio,PE,50.36,broken clouds,-14.7,-74.1333,Hostal Jousef
517,Seoul,KR,56.59,haze,37.5683,126.9778,롯데호텔 서울
524,San Luis,AR,51.13,clear sky,-33.295,-66.3356,Huarpes Hotel
525,Kirksville,US,53.56,overcast clouds,40.1948,-92.5833,Budget Host-Village Inn
526,Port Hueneme,US,62.87,broken clouds,34.1478,-119.1951,Hampton Inn Channel Islands Harbor
528,Chimoio,MZ,71.46,broken clouds,-19.1164,33.4833,Predio Livraria Ahmed
529,Rapid Valley,US,47.32,clear sky,44.0625,-103.1463,Fairfield Inn & Suites by Marriott Rapid City
532,Tuy Hoa,VN,72.86,overcast clouds,13.0833,109.3,CenDeluxe Hotel Tuy Hoa
533,Hirara,JP,73.26,few clouds,24.8,125.2833,Hotel Atoll Emerald Miyakojima
534,Tamandare,BR,77.95,scattered clouds,-8.7597,-35.1047,Pousada 100 Passos
535,Mercedes,AR,57.78,clear sky,-34.6515,-59.4307,Posada del Inti Centro
537,Gazanjyk,TM,73.06,clear sky,39.2446,55.5154,Railway motel
539,Nago,JP,70.65,clear sky,26.5881,127.9761,Hotel Yugaf Inn Okinawa
541,Rawson,AR,57.92,clear sky,-43.3002,-65.1023,Hosteria Sampedro
543,Ishigaki,JP,71.73,few clouds,24.3448,124.1572,Hotel Peace Land Ishigakijima
547,Shu,KZ,54.86,overcast clouds,43.5983,73.7614,Shyngyzkhan
549,Dubrovnik,HR,44.24,clear sky,42.6481,18.0922,Hotel Dubrovnik Palace
550,Touros,BR,76.84,overcast clouds,-5.1989,-35.4608,INN NEW HORIZON
553,Flinders,AU,79.05,overcast clouds,-34.5833,150.8552,Shellharbour Resort & Conference Centre
554,Waipawa,NZ,65.62,clear sky,-41.4122,175.5153,Tora Coastal Walk
555,Bichena,ET,57.79,overcast clouds,10.45,38.2,Dagm Tesfa Hotel ዳግም ተስፋ ሆቴል
558,Victor Harbor,AU,67.62,clear sky,-35.5667,138.6167,McCracken Country Club
561,Ketchikan,US,41.47,light rain,55.3422,-131.6461,Snow's Cove Lodge
562,Canyon,US,63.45,overcast clouds,34.9803,-101.9188,"Holiday Inn Express & Suites Canyon, an IHG Hotel"
567,Rocha,UY,62.38,clear sky,-34.4833,-54.3333,Hotel Arrarte
568,Pingliang,CN,57.69,overcast clouds,35.5392,106.6861,North Gate Hostel
571,Nehe,CN,50.09,overcast clouds,48.4833,124.8333,Vladimir Homestay
572,Porto Franco,BR,74.07,overcast clouds,-6.3383,-47.3992,Saint Louis Hotel
575,Arica,CL,64.63,clear sky,-18.475,-70.3042,Hostal Jardin Del Sol
577,Sarkand,KZ,55.35,broken clouds,45.41,79.9186,Гостиница Сарканд
578,Deloraine,AU,72.14,clear sky,-41.5333,146.6667,Mountain View Country Inn
579,Wasilla,US,42.78,clear sky,61.5814,-149.4394,Alaska's Select Inn Wasilla
580,Saint-Pierre,RE,75.9,clear sky,-21.3393,55.4781,Lindsey Hôtel
581,Tutoia,BR,77.77,overcast clouds,-2.7619,-42.2744,Pousada Guará's
582,Rio Grande,BR,62.94,overcast clouds,-32.035,-52.0986,Hotel Atlântico Rio Grande
585,Honggang,CN,55.71,broken clouds,46.4667,124.8667,亚布力滑雪旅游度假区
586,Batouri,CM,69.28,moderate rain,4.4333,14.3667,Hotel Hollywood
587,Dondo,MZ,70.84,clear sky,-19.6094,34.7431,Arco Iris
588,Abonnema,NG,78.87,overcast clouds,4.7084,6.7931,Corper's Lodge Obonoma
589,Baker City,US,56.91,overcast clouds,44.7749,-117.8344,Bridge Street Inn
594,Colares,PT,53.76,clear sky,38.7992,-9.4469,Arribas Sintra Hotel
596,Portree,GB,48.52,overcast clouds,57.4129,-6.1942,The Royal Hotel
597,Valdivia,CL,42.89,clear sky,-39.8142,-73.2459,Hostal Entre Rios
598,San Luis De Palenque,CO,78.62,overcast clouds,5.4214,-71.7317,Hotel Palenque Los Cubarros
599,Columbus,US,45.12,few clouds,39.9612,-82.9988,DoubleTree Suites by Hilton Hotel Columbus Downtown
600,Mutsu,JP,51.33,clear sky,41.2894,141.2169,Mutsu Park Hotel
601,Rizhao,CN,55.71,scattered clouds,35.4275,119.4553,Novotel Rizhao Suning
602,Faranah,GN,78.94,few clouds,10.0404,-10.7434,Chez mon oncle
603,Djambala,CG,70.21,light rain,-2.5447,14.7533,Hotel Ravin D'or
604,Rio Cuarto,AR,47.32,clear sky,-33.1307,-64.3499,Hotel Menossi
605,Tottori,JP,53.67,few clouds,35.5,134.2333,Hotel Monarque Tottori
606,Ayia Paraskevi,GR,51.01,few clouds,40.4833,23.05,HEAVEN HOTEL THESSALONIKI
607,Staunton,US,43.72,clear sky,38.1496,-79.0717,Hotel 24 South
608,Tigzirt,DZ,51.51,overcast clouds,36.8886,4.1198,Bloc D tazoumbirt (amar)
609,Humberto De Campos,BR,75.67,broken clouds,-2.5983,-43.4611,Pousada do Cabeça
610,Hami,CN,57.45,clear sky,42.8,93.45,Laoyutang Resort
611,Khasan,RU,46.53,clear sky,42.4308,130.6434,Fangchuan Self-Driving Camp
612,Lydenburg,ZA,57.94,overcast clouds,-25.0978,30.4597,The Palms Boutique Hotel
613,Frederico Westphalen,BR,67.44,overcast clouds,-27.3592,-53.3944,Hotel Palace Frederico
614,Lazaro Cardenas,MX,72.59,clear sky,17.9583,-102.2,HOTEL QUINTA ANTIGUA
615,Kaitangata,NZ,63.57,clear sky,-46.2817,169.8464,Kaitangata Motor Camp
616,Jumla,NP,56.71,clear sky,29.2747,82.1838,Royal Garden Hotel
617,Christchurch,NZ,68.95,overcast clouds,-43.5333,172.6333,The George
619,Abu Kamal,SY,64.36,broken clouds,34.4506,40.9171,محطة التلفاز
622,Mastic Beach,US,43.99,overcast clouds,40.7668,-72.8521,Brushwood House by Smith Point Beach
624,Maceio,BR,76.44,broken clouds,-9.6658,-35.7353,Hotel Ponta Verde Maceió
625,Lumphat,KH,76.73,overcast clouds,13.4878,106.9816,Lumphat Homestay​ &​lake​side
627,Plettenberg Bay,ZA,60.44,overcast clouds,-34.0527,23.3716,Thanda Vista B&B
628,Osorno,CL,48.51,overcast clouds,-40.5667,-73.15,Sonesta Hotel Osorno
629,Carutapera,BR,76.51,overcast clouds,-1.195,-46.02,Lidera
630,Miyako,JP,49.96,overcast clouds,39.6367,141.9525,Hotel Route Inn Miyako
632,Price,US,58.26,clear sky,39.5994,-110.8107,National 9 - Price River Inn
633,Nantucket,US,44.71,overcast clouds,41.2835,-70.0995,Jared Coffin House
635,Praia,CV,68.54,few clouds,14.9215,-23.5087,LT Aparthotel
636,Caucaia,BR,76.95,heavy intensity rain,-3.7361,-38.6531,M.O.S. Logística - Filial Fortaleza
637,Vila Franca Do Campo,PT,57.61,broken clouds,37.7167,-25.4333,Pestana Bahia Praia
639,Ardakan,IR,65.77,clear sky,32.31,54.0175,Ardakan Hotel
640,Peniche,PT,51.12,clear sky,39.3558,-9.3811,Hotel Star inn Peniche
641,Kalemie,CD,69.64,overcast clouds,-5.9475,29.1947,Mahobilali
644,Caronport,CA,44.78,scattered clouds,50.4501,-105.8179,Pilgrim Inn
647,Mapiripan,CO,73.74,broken clouds,2.8892,-72.1256,Monserrate
649,Noshiro,JP,45.43,overcast clouds,40.2039,140.0242,Suigetsu
650,Palmer,US,41.25,light rain,42.1584,-72.3287,Wedgewood Motel
652,Harper,LR,79.74,overcast clouds,4.375,-7.7169,Screensaver
653,Anqing,CN,62.28,broken clouds,30.5092,117.0506,Hongtian Hotel
654,Boralday,KZ,42.66,scattered clouds,43.3578,76.8594,"Zhetysu, Too Zhetysu"
656,Marsabit,KE,68.05,overcast clouds,2.3284,37.9899,Chicho Hotel
659,Casa Nova,BR,78.85,overcast clouds,-9.4167,-41.1333,LÔRO BEACH. DUNAS
662,Muros,ES,44.1,clear sky,42.7762,-9.0603,Apartment Av. Castelao
666,Iwanai,JP,50.41,clear sky,42.9744,140.5089,いわない高原ホテル
668,Notse,TG,77.7,overcast clouds,6.95,1.1667,Le Berceau
669,Yaring,TH,79.29,overcast clouds,6.8662,101.3689,สถานที่จัดงานแต่ง SOFEE & DORN
671,Labrea,BR,73.53,scattered clouds,-7.2586,-64.7981,Hotel Novo Horizonte
674,Mae Hong Son,TH,75.34,scattered clouds,19.3003,97.9685,Baiyoke Chalet Hotel
675,Milledgeville,US,58.68,clear sky,33.0801,-83.2321,Hampton Inn Milledgeville
677,Jabinyanah,TN,60.6,broken clouds,35.035,10.9081,maison belmabrouk
679,Moses Lake,US,59.36,few clouds,47.1301,-119.2781,Ramada by Wyndham Moses Lake
680,Fasa,IR,47.44,clear sky,28.9383,53.6482,Fasa University Boys' Dormitory
682,Negombo,LK,77.05,few clouds,7.2083,79.8358,Hotel Sunset Beach
684,San Mateo Ixtatan,GT,53.11,broken clouds,15.8319,-91.4781,HOTEL MAGDALENA
685,Lamar,US,71.51,clear sky,33.6668,-95.5836,Kings Inn Paris TX
686,Diego De Almagro,CL,62.28,clear sky,-26.3667,-70.05,hotel luna del desierto
688,Khorramshahr,IR,67.96,clear sky,30.4397,48.1664,دفتر نمایندگی شرکت بازاریابان ایرانیان زمینBIZ
690,Dwarka,IN,78.39,clear sky,22.2394,68.9678,Hotel Narayan Avezika Comfort
691,Bom Jesus,BR,79.56,overcast clouds,-9.0744,-44.3586,Hotel Brasão & Floricultura Bella Flor
692,Watsa,CD,63.14,overcast clouds,3.0372,29.5355,Hôtel Le Pacifique
693,Galle,LK,79.63,broken clouds,6.0367,80.217,Amangalla
694,Nenjiang,CN,45.32,overcast clouds,49.1833,125.2167,Nenjiang Apartment
695,Copiapo,CL,65.59,clear sky,-27.3667,-70.3333,Antay Casino Hotel
696,Wahiawa,US,79.12,overcast clouds,21.5028,-158.0236,The Inn At Schofield
697,Ziarat,PK,51.69,scattered clouds,30.3823,67.7282,Pakiza Guest House ziarat
698,Tuatapere,NZ,63.81,broken clouds,-46.1333,167.6833,Ron and Tony's Bed & Breakfast
700,Road Town,VG,78.84,scattered clouds,18.4167,-64.6167,"ZINGARA 76ft Catamaran, full crew-all included"
704,Ishikari,JP,50.07,clear sky,43.2397,141.3539,ザ・吉岡
706,Terrell,US,76.5,clear sky,32.736,-96.2753,"Holiday Inn Express & Suites Terrell, an IHG Hotel"
707,Forbes,AU,74.62,clear sky,-33.3833,148.0167,Lake Forbes Motel
708,Pedernales,DO,78.46,overcast clouds,18.0384,-71.744,Hotel Costa Marina
